City,Cloudiness,Country,Date,Humidity,Lat,Lng,Max Temp,Wind Speed
sangar,8.0,RU,1547270775.0,49.0,63.92,127.47,-30.04,2.82
kindersley,20.0,CA,1547269200.0,85.0,51.47,-109.16,12.2,18.34
punta arenas,75.0,CL,1547269200.0,75.0,-53.16,-70.91,41.0,23.04
saint george,90.0,GR,1547266800.0,93.0,39.45,22.34,35.6,8.05
saint-philippe,1.0,CA,1547269200.0,59.0,45.36,-73.48,3.56,13.87
mahebourg,75.0,MU,1547269200.0,79.0,-20.41,57.7,84.2,12.75
luderitz,32.0,NA,1547270777.0,86.0,-26.65,15.16,59.33,2.71
hun,92.0,BE,1547268660.0,93.0,50.34,4.87,42.8,10.29
bredasdorp,12.0,ZA,1547270703.0,92.0,-34.53,20.04,64.91,14.9
poum,64.0,MK,1547270778.0,84.0,41.28,20.71,12.98,1.7
mataura,0.0,NZ,1547270778.0,44.0,-46.19,168.86,71.48,3.71
salalah,0.0,OM,1547268600.0,23.0,17.01,54.1,75.2,16.11
dikson,8.0,RU,1547270779.0,62.0,73.51,80.55,-21.22,19.48
albany,20.0,US,1547268840.0,66.0,42.65,-73.75,12.02,11.41
correntina,24.0,BR,1547270780.0,74.0,-13.34,-44.63,68.6,5.06
jalu,0.0,LY,1547270780.0,45.0,29.03,21.55,45.65,11.65
castro,90.0,CL,1547269200.0,100.0,-42.48,-73.76,53.6,2.24
vaini,0.0,IN,1547269200.0,34.0,15.34,74.49,80.6,4.7
esmeraldas,0.0,BR,1547269200.0,77.0,-19.76,-44.31,71.6,5.82
nome,90.0,US,1547270100.0,86.0,30.04,-94.42,60.08,9.17
kutulik,12.0,RU,1547270782.0,73.0,53.35,102.79,-0.43,9.42
ushuaia,75.0,AR,1547269200.0,52.0,-54.81,-68.31,44.6,6.93
cape town,64.0,ZA,1547269200.0,100.0,-33.93,18.42,55.4,2.24
tuktoyaktuk,90.0,CA,1547269200.0,75.0,69.44,-133.03,-16.61,10.29
mount gambier,0.0,AU,1547269200.0,40.0,-37.83,140.78,73.4,18.34
revyakino,68.0,RU,1547270783.0,79.0,54.37,37.66,5.96,10.65
airai,44.0,TL,1547270784.0,72.0,-8.93,125.41,82.01,2.37
uruzgan,12.0,AF,1547270784.0,79.0,32.93,66.63,19.55,2.71
bow island,1.0,CA,1547269200.0,59.0,49.87,-111.38,35.6,10.29
kapaa,75.0,US,1547268960.0,76.0,22.08,-159.32,73.94,3.36
clyde river,1.0,CA,1547269200.0,73.0,70.47,-68.59,-29.21,6.93
constitucion,0.0,MX,1547270786.0,79.0,23.99,-104.67,41.69,4.27
qaanaaq,8.0,GL,1547270756.0,100.0,77.48,-69.36,-20.41,9.64
alamogordo,20.0,US,1547270100.0,52.0,32.9,-105.96,44.6,13.87
upernavik,32.0,GL,1547270787.0,100.0,72.79,-56.15,-3.94,10.98
linxia,0.0,CN,1547270787.0,34.0,35.6,103.21,29.9,3.71
chokurdakh,0.0,RU,1547270787.0,0.0,70.62,147.9,-41.92,2.93
hobyo,32.0,SO,1547270787.0,73.0,5.35,48.53,79.04,20.49
bluff,24.0,AU,1547270788.0,40.0,-23.58,149.07,90.92,9.64
ajdabiya,0.0,LY,1547270788.0,79.0,30.75,20.22,45.29,13.56
busselton,0.0,AU,1547270717.0,74.0,-33.64,115.35,77.51,13.89
muramvya,24.0,BI,1547270789.0,68.0,-3.27,29.62,67.34,0.36
albox,0.0,ES,1547269200.0,65.0,37.39,-2.15,41.0,14.99
mehamn,88.0,NO,1547270789.0,90.0,71.03,27.85,30.8,15.35
luganville,8.0,VU,1547270790.0,99.0,-15.51,167.18,83.63,4.94
arraial do cabo,0.0,BR,1547270725.0,90.0,-22.97,-42.02,76.16,15.68
khasan,32.0,RU,1547270790.0,78.0,42.43,130.64,32.15,3.49
yellowknife,90.0,CA,1547269200.0,84.0,62.45,-114.38,6.8,4.7
camacha,75.0,PT,1547267400.0,51.0,33.08,-16.33,62.6,13.87
phan thiet,76.0,VN,1547270791.0,79.0,10.93,108.1,83.36,21.5
carnarvon,12.0,ZA,1547270791.0,79.0,-30.97,22.13,56.54,5.73
suhbaatar,0.0,MN,1547270792.0,64.0,50.23,106.21,9.74,4.5
tautira,90.0,PF,1547269200.0,83.0,-17.73,-149.15,77.0,6.93
mar del plata,64.0,AR,1547270743.0,46.0,-46.43,-67.52,61.22,15.01
makakilo city,1.0,US,1547269020.0,68.0,21.35,-158.09,77.0,4.7
grindavik,75.0,IS,1547269200.0,86.0,63.84,-22.43,35.6,16.11
ribeira grande,32.0,PT,1547270763.0,100.0,38.52,-28.7,60.59,19.48
parabel,20.0,RU,1547270793.0,46.0,58.71,81.5,-15.19,4.72
nabire,64.0,ID,1547270793.0,91.0,-3.36,135.5,75.71,1.92
khotyn,88.0,UA,1547269200.0,100.0,48.51,26.49,14.0,5.84
viedma,76.0,AR,1547270567.0,26.0,-40.81,-62.99,72.29,10.2
moville,1.0,US,1547270100.0,100.0,42.49,-96.07,30.2,4.7
husavik,56.0,CA,1547270795.0,70.0,50.56,-96.99,-1.69,3.38
tuatapere,0.0,NZ,1547270795.0,79.0,-46.13,167.69,60.14,8.41
hilo,90.0,US,1547269500.0,81.0,19.71,-155.08,71.96,4.7
chuy,92.0,UY,1547270797.0,94.0,-33.69,-53.46,66.17,8.63
hobart,0.0,AU,1547269200.0,37.0,-42.88,147.33,69.8,20.8
saldanha,0.0,PT,1547270753.0,82.0,41.42,-6.55,18.02,3.71
lavumisa,0.0,ZA,1547270798.0,51.0,-27.31,31.88,89.57,4.16
abha,0.0,SA,1547269200.0,82.0,18.22,42.5,57.2,8.05
genhe,68.0,CN,1547270798.0,74.0,50.78,121.52,10.01,4.16
hailar,24.0,CN,1547270791.0,67.0,49.2,119.7,12.98,4.5
lebu,0.0,ET,1547270802.0,26.0,8.96,38.73,52.58,3.94
thunder bay,90.0,CA,1547265600.0,78.0,48.41,-89.26,15.8,8.05
leningradskiy,0.0,RU,1547270803.0,92.0,69.38,178.42,-15.01,12.66
butaritari,80.0,KI,1547270753.0,100.0,3.07,172.79,83.99,12.21
rikitea,100.0,PF,1547270711.0,100.0,-23.12,-134.97,78.59,17.58
sioux lookout,90.0,CA,1547269200.0,85.0,50.1,-91.92,10.4,6.93
chingola,48.0,ZM,1547270804.0,95.0,-12.55,27.86,69.41,7.63
sitka,92.0,US,1547270744.0,97.0,37.17,-99.65,32.78,15.23
iqaluit,40.0,CA,1547269200.0,68.0,63.75,-68.52,-18.41,21.92
nanortalik,88.0,GL,1547270799.0,88.0,60.14,-45.24,31.43,36.26
dawei,44.0,MM,1547270805.0,55.0,14.07,98.19,87.77,0.47
san patricio,80.0,PY,1547270805.0,88.0,-26.98,-56.83,76.34,3.83
high level,40.0,CA,1547269200.0,92.0,58.52,-117.13,8.6,3.36
jamestown,0.0,AU,1547270705.0,37.0,-33.21,138.6,89.66,13.44
hithadhoo,24.0,MV,1547270720.0,100.0,-0.6,73.08,80.39,3.27
port elizabeth,1.0,US,1547268960.0,64.0,39.31,-74.98,26.96,7.4
mahon,75.0,IE,1547269200.0,93.0,51.89,-8.4,48.2,12.75
barrow,0.0,AR,1547270807.0,64.0,-38.31,-60.23,59.06,12.44
mayenne,90.0,FR,1547269200.0,93.0,48.3,-0.62,42.8,2.24
karratha,0.0,AU,1547270808.0,22.0,-20.74,116.85,107.03,9.64
beringovskiy,32.0,RU,1547270808.0,84.0,63.05,179.32,-5.38,24.07
fortuna,0.0,ES,1547269200.0,47.0,38.18,-1.13,37.4,5.82
tiksi,36.0,RU,1547270809.0,42.0,71.64,128.87,-27.07,7.18
lorengau,80.0,PG,1547270809.0,98.0,-2.02,147.27,83.99,12.33
codrington,0.0,AU,1547269200.0,38.0,-28.95,153.24,91.4,12.75
kavieng,48.0,PG,1547270803.0,100.0,-2.57,150.8,84.17,10.98
avarua,75.0,CK,1547269200.0,83.0,-21.21,-159.78,78.8,8.05
nikolskoye,75.0,RU,1547269200.0,79.0,59.7,30.79,32.0,13.42
mareeba,90.0,AU,1547269200.0,74.0,-16.99,145.42,82.4,8.05
manono,88.0,CD,1547270811.0,83.0,-7.3,27.4,77.24,4.61
liloan,75.0,PH,1547269200.0,74.0,9.42,123.31,84.2,6.93
palauig,8.0,PH,1547270811.0,64.0,15.44,119.9,85.34,3.49
bowmore,75.0,US,1547269200.0,90.0,34.94,-79.3,30.56,5.39
cidreira,92.0,BR,1547270812.0,97.0,-30.17,-50.22,71.75,9.19
cartagena,0.0,ES,1547269200.0,67.0,37.63,-1.0,32.0,3.36
pringsewu,64.0,ID,1547270813.0,83.0,-5.36,104.98,83.0,1.59
vostok,0.0,RU,1547270813.0,56.0,46.45,135.83,15.5,2.48
hinesville,90.0,US,1547270280.0,61.0,31.85,-81.6,48.2,5.82
novoagansk,12.0,RU,1547270814.0,40.0,61.94,76.66,-25.99,3.27
navahrudak,44.0,BY,1547270814.0,88.0,53.59,25.82,25.49,9.98
sanford,1.0,US,1547269500.0,83.0,35.48,-79.18,32.0,2.71
saiha,0.0,IN,1547270815.0,49.0,22.49,92.98,72.74,0.81
kruisfontein,0.0,ZA,1547270815.0,79.0,-34.0,24.73,66.44,16.69
victoria,75.0,BN,1547269200.0,74.0,5.28,115.24,89.6,4.7
baruun-urt,0.0,MN,1547270816.0,50.0,46.68,113.28,18.74,14.67
nanakuli,20.0,US,1547269020.0,82.0,21.39,-158.15,77.0,4.7
doha,1.0,QA,1547268960.0,69.0,25.29,51.53,60.8,11.41
kilindoni,92.0,TZ,1547270817.0,98.0,-7.91,39.67,83.9,15.01
bugiri,20.0,UG,1547270817.0,74.0,0.57,33.75,67.97,5.73
kodiak,90.0,US,1547269380.0,100.0,39.95,-94.76,33.08,9.17
hofn,0.0,IS,1547270706.0,95.0,64.25,-15.21,39.98,9.64
shingu,75.0,JP,1547269200.0,93.0,33.72,135.99,48.2,8.05
ponta do sol,76.0,BR,1547270742.0,91.0,-20.63,-46.0,65.0,4.27
yokadouma,44.0,CM,1547270819.0,88.0,3.52,15.05,68.69,2.15
komsomolskiy,68.0,RU,1547270796.0,81.0,67.55,63.78,-1.96,16.8
puerto leguizamo,44.0,CO,1547270819.0,96.0,-0.19,-74.78,73.1,1.7
maple creek,0.0,CA,1547270820.0,69.0,49.91,-109.46,13.34,6.29
kayerkan,32.0,RU,1547270820.0,0.0,69.35,87.76,-34.72,7.29
huilong,100.0,CN,1547270821.0,100.0,28.89,110.18,37.55,2.93
tasiilaq,92.0,GL,1547268600.0,73.0,65.61,-37.64,19.4,19.46
guerrero negro,0.0,MX,1547270821.0,100.0,27.97,-114.04,47.18,3.15
am timan,0.0,TD,1547270822.0,52.0,11.04,20.28,62.84,2.93
port augusta,0.0,AU,1547269200.0,51.0,-32.49,137.76,82.4,27.51
pauri,88.0,IN,1547270822.0,76.0,30.15,78.78,54.11,2.71
sinegorye,44.0,RU,1547270823.0,48.0,62.09,150.53,-18.43,2.71
talnakh,24.0,RU,1547270823.0,0.0,69.49,88.39,-37.24,4.61
sabang,92.0,PH,1547270823.0,100.0,13.72,123.58,75.26,12.88
khatanga,44.0,RU,1547270823.0,0.0,71.98,102.47,-32.38,10.65
curillo,36.0,CO,1547270672.0,86.0,1.03,-75.92,67.25,2.93
kaitangata,0.0,NZ,1547270713.0,70.0,-46.28,169.85,61.49,13.0
port moresby,40.0,PG,1547265600.0,62.0,-9.47,147.16,89.6,17.22
brae,92.0,GB,1547268600.0,81.0,60.4,-1.35,46.4,25.28
howard springs,20.0,AU,1547269200.0,59.0,-12.5,131.05,93.2,18.34
touros,40.0,BR,1547269200.0,83.0,-5.2,-35.46,77.0,4.7
jutai,92.0,BR,1547270825.0,100.0,-1.71,-47.89,72.74,2.48
egvekinot,32.0,RU,1547270826.0,0.0,66.32,-179.17,-41.92,3.49
vitre,90.0,FR,1547269200.0,93.0,48.12,-1.21,42.8,2.24
rio de jesus,0.0,PA,1547270826.0,72.0,7.98,-81.16,74.45,8.75
te anau,0.0,NZ,1547270745.0,29.0,-45.41,167.72,70.13,6.73
kuznechikha,88.0,RU,1547270827.0,73.0,63.45,41.73,21.08,13.0
ta khmau,40.0,KH,1547269200.0,62.0,11.48,104.95,87.8,4.7
bethel,1.0,US,1547268960.0,76.0,60.79,-161.76,-23.08,20.8
ambilobe,64.0,MG,1547270723.0,99.0,-13.19,49.05,79.76,4.38
ahipara,56.0,NZ,1547270828.0,63.0,-35.17,173.16,74.36,8.41
pevek,0.0,RU,1547270828.0,52.0,69.7,170.27,-17.62,4.5
kokhma,92.0,RU,1547270829.0,81.0,56.93,41.09,9.56,12.55
dunedin,0.0,NZ,1547270766.0,76.0,-45.87,170.5,58.97,10.54
kaeo,12.0,NZ,1547270830.0,43.0,-35.1,173.78,77.78,7.4
arlit,0.0,NE,1547270830.0,63.0,18.74,7.39,48.98,5.84
charters towers,68.0,AU,1547270830.0,68.0,-20.07,146.27,83.09,9.42
turan,68.0,RU,1547270831.0,62.0,52.15,93.92,-6.01,2.48
cayenne,75.0,GF,1547269200.0,94.0,4.94,-52.33,73.4,2.24
aloleng,12.0,PH,1547270831.0,83.0,16.13,119.78,84.53,1.81
daru,0.0,SL,1547270832.0,93.0,7.99,-10.85,70.85,2.26
avera,1.0,US,1547268900.0,56.0,33.19,-82.53,42.8,8.05
westerland,90.0,NL,1547268900.0,93.0,52.89,4.93,46.4,16.11
muli,8.0,IN,1547270833.0,60.0,22.62,71.45,74.09,4.38
baghdad,0.0,IQ,1547269200.0,86.0,33.3,44.38,33.8,3.36
iskateley,76.0,RU,1547270833.0,80.0,67.68,53.15,15.05,19.6
hermanus,0.0,ZA,1547270834.0,92.0,-34.42,19.24,56.9,4.27
severo-kurilsk,64.0,RU,1547270801.0,97.0,50.68,156.12,32.87,19.71
pangnirtung,56.0,CA,1547270834.0,51.0,66.15,-65.72,-17.62,4.94
geraldton,5.0,CA,1547269200.0,75.0,49.72,-86.95,-14.81,3.15
sungaipenuh,92.0,ID,1547270835.0,96.0,-2.08,101.38,70.58,1.36
hay river,90.0,CA,1547269200.0,84.0,60.82,-115.79,6.8,6.93
caravelas,80.0,BR,1547270836.0,100.0,-17.73,-39.27,80.39,9.53
saint-francois,90.0,FR,1547269200.0,100.0,46.42,3.91,33.8,6.17
la primavera,0.0,AR,1547269200.0,56.0,-32.92,-68.67,69.8,9.17
mount isa,40.0,AU,1547269200.0,26.0,-20.73,139.49,102.2,8.05
isangel,12.0,VU,1547270734.0,100.0,-19.55,169.27,80.12,6.29
portland,75.0,US,1547268780.0,60.0,45.52,-122.67,46.04,18.34
tacuarembo,92.0,UY,1547270837.0,91.0,-31.73,-55.98,66.35,8.63
deputatskiy,0.0,RU,1547270838.0,0.0,69.3,139.9,-40.84,2.71
lompoc,90.0,US,1547270100.0,93.0,34.64,-120.46,57.92,12.75
berlevag,88.0,NO,1547270838.0,100.0,70.86,29.09,31.88,15.68
cadereyta,90.0,MX,1547268540.0,88.0,25.58,-99.98,62.6,6.93
reconquista,92.0,AR,1547270839.0,99.0,-29.14,-59.64,69.68,7.85
atuona,76.0,PF,1547270839.0,100.0,-9.8,-139.03,81.02,16.69
hasaki,75.0,JP,1547269200.0,75.0,35.73,140.83,44.6,3.36
dingle,12.0,PH,1547270840.0,64.0,11.0,122.67,84.53,12.33
miri,8.0,NG,1547270840.0,56.0,10.31,9.75,54.38,4.16
constantine,75.0,DZ,1547269200.0,92.0,36.36,6.61,30.2,2.59
morondava,56.0,MG,1547270841.0,100.0,-20.3,44.28,80.66,5.61
motygino,56.0,RU,1547270842.0,65.0,58.18,94.69,-0.52,3.27
bubaque,68.0,GW,1547270842.0,100.0,11.28,-15.83,77.24,4.72
atambua,32.0,ID,1547270842.0,91.0,-9.11,124.89,84.53,8.3
clarence town,0.0,AU,1547269200.0,43.0,-32.59,151.78,91.4,11.41
asyut,0.0,EG,1547265600.0,66.0,27.18,31.19,48.2,2.37
ketchikan,90.0,US,1547268960.0,100.0,55.34,-131.65,39.02,4.7
porto novo,20.0,BR,1547269200.0,100.0,-23.68,-45.44,66.2,4.7
emerald,0.0,AU,1547269200.0,28.0,-23.53,148.16,95.0,11.41
itatskiy,64.0,RU,1547270844.0,79.0,56.07,89.04,6.23,13.22
birmitrapur,0.0,IN,1547270845.0,72.0,22.4,84.77,73.46,4.38
mitsamiouli,75.0,KM,1547269200.0,70.0,-11.38,43.28,86.0,5.82
timaru,88.0,NZ,1547270845.0,100.0,-44.39,171.25,57.62,6.51
puerto ayora,56.0,EC,1547270846.0,100.0,-0.74,-90.35,75.44,6.62
jodhpur,0.0,IN,1547270846.0,47.0,26.3,73.04,70.13,8.86
xichang,0.0,CN,1547270846.0,16.0,27.88,102.25,61.13,2.82
torbay,75.0,CA,1547269800.0,100.0,47.66,-52.73,32.0,17.22
beruwala,64.0,LK,1547270847.0,97.0,6.48,79.98,81.2,14.67
kokstad,0.0,ZA,1547270847.0,55.0,-30.55,29.42,67.79,2.71
kaihua,12.0,CN,1547270848.0,76.0,29.14,118.41,51.05,3.27
srednekolymsk,48.0,RU,1547270848.0,48.0,67.46,153.71,-29.41,2.59
zaysan,68.0,KZ,1547270848.0,89.0,47.47,84.87,20.54,2.48
moose factory,90.0,CA,1547269200.0,76.0,51.26,-80.61,-11.21,9.17
gat,0.0,SN,1547269200.0,82.0,14.69,-16.54,64.4,14.99
port alfred,0.0,ZA,1547270755.0,76.0,-33.59,26.89,69.23,17.02
coquimbo,0.0,CL,1547269200.0,87.0,-29.95,-71.34,59.0,4.5
horta,0.0,ES,1547269200.0,80.0,41.43,2.16,35.6,3.36
nekrasovka,0.0,RU,1547269200.0,51.0,48.35,135.23,14.0,6.71
marsh harbour,88.0,BS,1547270851.0,100.0,26.54,-77.06,71.21,13.89
tecolotlan,0.0,MX,1547270851.0,94.0,20.22,-104.05,49.52,0.36
new norfolk,0.0,AU,1547269200.0,37.0,-42.78,147.06,69.8,20.8
katangli,0.0,RU,1547270852.0,99.0,51.71,143.23,11.0,16.58
port macquarie,20.0,AU,1547269200.0,45.0,-31.43,152.91,87.8,14.99
nurota,90.0,UZ,1547269200.0,100.0,40.56,65.69,33.8,4.83
suileng,0.0,CN,1547270853.0,54.0,47.25,127.08,26.03,10.2
alofi,0.0,NU,1547269200.0,74.0,-19.06,-169.92,80.6,16.11
bridlington,68.0,GB,1547268600.0,87.0,54.08,-0.19,48.2,10.29
eskisehir,75.0,TR,1547268600.0,93.0,39.78,30.52,35.6,5.82
nouadhibou,0.0,MR,1547269200.0,58.0,20.93,-17.03,55.4,9.17
port hardy,90.0,CA,1547265600.0,81.0,50.7,-127.42,48.2,9.17
bay roberts,75.0,CA,1547269800.0,89.0,47.58,-53.28,32.0,17.22
port alberni,75.0,CA,1547269200.0,100.0,49.24,-124.81,39.2,1.7
tres rios,1.0,US,1547269020.0,48.0,34.56,-111.85,42.8,18.34
benghazi,64.0,LY,1547270856.0,100.0,32.12,20.07,61.13,12.33
mount abu,8.0,IN,1547270857.0,51.0,24.59,72.71,72.74,1.92
koslan,80.0,RU,1547270857.0,64.0,63.46,48.9,16.49,10.09
rucheng,80.0,CN,1547270857.0,93.0,25.55,113.68,54.38,1.14
namibe,24.0,AO,1547270858.0,100.0,-15.19,12.15,73.37,1.81
santa rosa,0.0,AR,1547270859.0,68.0,-36.62,-64.29,65.09,14.45
urucara,36.0,BR,1547270860.0,99.0,-2.54,-57.76,71.03,2.93
corrales,80.0,CO,1547270663.0,92.0,5.83,-72.84,47.99,0.36
acapulco,20.0,MX,1547268120.0,78.0,16.86,-99.88,78.8,2.24
flinders,0.0,AU,1547270861.0,37.0,-34.58,150.85,90.65,0.58
san andres,76.0,PH,1547270861.0,100.0,13.32,122.68,79.58,18.7
georgetown,75.0,GY,1547269200.0,94.0,6.8,-58.16,73.4,4.7
mbandaka,56.0,CD,1547270863.0,100.0,0.05,18.26,72.74,2.59
hvide sande,92.0,DK,1547268600.0,93.0,56.01,8.13,42.8,14.99
mariental,92.0,DE,1547270863.0,97.0,52.28,10.99,39.35,13.11
provideniya,24.0,RU,1547270717.0,100.0,64.42,-173.23,-6.91,21.5
saskylakh,24.0,RU,1547270864.0,0.0,71.97,114.09,-42.91,5.39
rocha,0.0,UY,1547270766.0,92.0,-34.48,-54.34,54.83,3.83
kyzyl-suu,80.0,KG,1547270865.0,100.0,42.34,78.0,21.71,4.61
belchatow,90.0,PL,1547269200.0,90.0,51.37,19.36,33.8,9.17
saravan,40.0,AM,1547269200.0,92.0,39.72,45.65,23.0,2.24
soyo,92.0,AO,1547270866.0,100.0,-6.13,12.37,72.92,3.27
cairns,90.0,AU,1547269200.0,74.0,-16.92,145.77,82.4,8.05
paveh,0.0,IR,1547269200.0,85.0,35.05,46.36,21.2,2.24
kondinskoye,68.0,RU,1547270867.0,86.0,59.65,67.41,2.72,8.63
north bend,20.0,US,1547268960.0,83.0,43.41,-124.22,48.92,5.82
avenal,1.0,US,1547268960.0,92.0,36.0,-120.13,53.06,3.36
kahului,1.0,US,1547268960.0,76.0,20.89,-156.47,75.02,3.36
bambous virieux,75.0,MU,1547269200.0,79.0,-20.34,57.76,84.2,12.75
ust-maya,36.0,RU,1547270869.0,39.0,60.42,134.54,-25.99,2.48
coruripe,76.0,BR,1547270869.0,98.0,-10.12,-36.18,79.31,7.18
binga,24.0,ZW,1547270870.0,96.0,-17.62,27.34,75.8,4.61
barabai,36.0,ID,1547270870.0,69.0,-2.59,115.38,88.22,2.93
thompson,75.0,CA,1547265600.0,76.0,55.74,-97.86,-4.01,3.36
vao,44.0,EE,1547270871.0,83.0,59.1,26.19,32.06,10.76
grand gaube,75.0,MU,1547269200.0,79.0,-20.01,57.66,84.2,12.75
fukue,75.0,JP,1547269200.0,52.0,35.03,136.69,46.4,11.41
pahrump,1.0,US,1547269080.0,55.0,36.21,-115.98,44.96,9.17
klerksdorp,0.0,ZA,1547270872.0,38.0,-26.86,26.67,73.28,4.61
aklavik,90.0,CA,1547269200.0,68.0,68.22,-135.01,-20.21,4.7
quepos,0.0,CR,1547269200.0,68.0,9.43,-84.16,68.0,13.87
aranos,0.0,NA,1547270873.0,30.0,-24.14,19.11,65.72,8.41
koani,80.0,TZ,1547270873.0,100.0,-6.13,39.28,82.01,17.36
depok,20.0,ID,1547269200.0,66.0,-6.41,106.81,89.6,9.17
muscat,40.0,OM,1547268600.0,60.0,23.6,58.55,73.4,9.17
rock springs,1.0,US,1547268840.0,87.0,41.59,-109.2,14.0,9.17
olinda,40.0,EC,1547269200.0,74.0,-2.03,-79.75,78.8,9.17
lufilufi,75.0,WS,1547265600.0,74.0,-13.87,-171.6,86.0,3.36
kotar,75.0,SI,1547268600.0,92.0,46.06,14.35,24.8,2.24
kenai,1.0,US,1547268960.0,78.0,60.55,-151.26,-2.03,6.93
narsaq,88.0,GL,1547268600.0,59.0,60.91,-46.05,33.8,29.97
kavaratti,20.0,IN,1547270877.0,100.0,10.57,72.64,81.47,11.1
henties bay,80.0,NA,1547270877.0,100.0,-22.12,14.28,61.67,5.06
port blair,56.0,IN,1547270877.0,100.0,11.67,92.75,80.48,10.09
faanui,88.0,PF,1547270878.0,100.0,-16.48,-151.75,81.56,16.24
omboue,32.0,GA,1547270878.0,100.0,-1.57,9.26,77.96,5.61
itoman,75.0,JP,1547269560.0,69.0,26.12,127.67,73.4,19.46
shenjiamen,64.0,CN,1547270879.0,100.0,29.96,122.3,48.89,18.03
hualmay,12.0,PE,1547270879.0,94.0,-11.1,-77.61,63.29,5.61
kingaroy,0.0,AU,1547269200.0,27.0,-26.54,151.84,89.6,10.29
parrsboro,90.0,CA,1547269200.0,78.0,45.41,-64.33,10.4,17.22
haverfordwest,92.0,GB,1547265000.0,87.0,51.8,-4.97,48.2,18.34
la libertad,40.0,PE,1547269200.0,93.0,-16.38,-71.56,50.0,2.59
huarmey,24.0,PE,1547270881.0,90.0,-10.07,-78.15,61.67,3.04
aden,88.0,YE,1547270882.0,100.0,12.79,45.03,75.26,10.54
sao joao da barra,64.0,BR,1547270882.0,98.0,-21.64,-41.05,78.86,15.01
sabaudia,0.0,IT,1547268600.0,74.0,41.3,13.03,32.0,5.82
vila velha,40.0,BR,1547269200.0,88.0,-3.71,-38.6,80.6,4.7
itarema,64.0,BR,1547270767.0,97.0,-2.92,-39.92,73.64,0.92
beloha,80.0,MG,1547270883.0,92.0,-25.17,45.06,77.33,12.1
sibenik,92.0,HR,1547270883.0,84.0,45.81,17.18,21.8,3.83
chingirlau,92.0,KZ,1547270884.0,88.0,51.09,54.08,20.9,19.26
bluffton,1.0,US,1547271300.0,79.0,40.74,-85.17,30.02,6.73
lagos,20.0,NG,1547265600.0,88.0,6.46,3.39,78.8,2.24
kasama,44.0,ZM,1547270885.0,100.0,-10.21,31.19,68.24,4.38
awbari,0.0,LY,1547270885.0,88.0,26.59,12.77,33.32,8.3
vardo,1.0,US,1547270100.0,59.0,39.62,-77.74,30.2,2.37
molokovo,68.0,RU,1547270886.0,81.0,58.16,36.77,17.21,11.65
tuy hoa,92.0,VN,1547270886.0,93.0,13.08,109.3,76.34,13.56
pacific grove,90.0,US,1547269200.0,83.0,36.62,-121.92,57.2,4.7
rzhyshchiv,40.0,UA,1547269200.0,92.0,49.97,31.05,14.0,11.18
ca mau,80.0,VN,1547270887.0,74.0,9.18,105.15,84.71,14.9
pozo colorado,48.0,PY,1547270888.0,93.0,-23.49,-58.8,74.09,6.17
catuday,12.0,PH,1547270888.0,83.0,16.29,119.81,84.53,1.81
barranca,8.0,PE,1547270888.0,100.0,-10.75,-77.76,71.3,13.33
ust-omchug,48.0,RU,1547270889.0,34.0,61.13,149.63,-25.09,2.59
gazojak,48.0,TM,1547270889.0,93.0,41.19,61.4,30.98,9.19
orlovo,75.0,BG,1547269200.0,92.0,41.83,25.54,32.0,16.11
san ramon,92.0,NI,1547270890.0,92.0,12.92,-85.84,64.1,2.71
jiangkou,8.0,CN,1547270891.0,93.0,30.7,117.56,47.54,4.27
praia,0.0,BR,1547265600.0,68.0,-20.25,-43.81,71.6,4.7
lavrentiya,20.0,RU,1547270891.0,86.0,65.58,-170.99,-9.43,26.64
coalinga,1.0,US,1547268960.0,92.0,36.14,-120.36,53.06,3.36
matamoros,90.0,US,1547270100.0,93.0,25.87,-97.51,71.06,10.29
havre-saint-pierre,90.0,CA,1547269560.0,92.0,50.23,-63.6,24.8,16.11
northam,92.0,GB,1547265000.0,93.0,51.04,-4.21,48.2,14.99
robinson,90.0,US,1547270100.0,99.0,39.01,-87.74,30.56,6.93
kuopio,0.0,FI,1547268600.0,74.0,62.89,27.68,28.4,16.11
huangmei,12.0,CN,1547270894.0,100.0,30.1,115.95,46.28,5.17
altay,76.0,CN,1547270894.0,80.0,47.83,88.13,14.78,2.37
angoram,48.0,PG,1547270895.0,83.0,-4.06,144.07,83.9,2.93
namatanai,12.0,PG,1547270745.0,94.0,-3.66,152.44,85.34,16.13
panguna,88.0,PG,1547270895.0,72.0,-6.32,155.48,82.37,3.83
thinadhoo,44.0,MV,1547270896.0,100.0,0.53,72.93,81.02,7.4
lyngseidet,75.0,NO,1547268600.0,100.0,69.58,20.21,32.0,23.04
meiganga,8.0,CM,1547270896.0,57.0,6.52,14.29,58.97,3.94
druskininkai,90.0,LT,1547269200.0,92.0,54.02,23.98,30.2,11.18
manyana,20.0,AU,1547270897.0,67.0,-35.26,150.51,80.93,7.85
east london,0.0,ZA,1547269200.0,63.0,-33.02,27.91,66.2,14.99
kikwit,20.0,CD,1547270898.0,97.0,-5.04,18.82,72.29,4.38
shumikha,24.0,RU,1547270898.0,70.0,55.23,63.28,1.37,9.64
ilulissat,0.0,GL,1547268600.0,47.0,69.22,-51.1,-9.41,2.24
beitbridge,0.0,ZA,1547270899.0,64.0,-22.21,29.99,85.97,5.06
tongchuan,92.0,CN,1547269200.0,59.0,34.9,108.95,37.4,4.47
ucluelet,88.0,CA,1547270899.0,99.0,48.94,-125.55,40.79,2.15
llanes,64.0,ES,1547270754.0,88.0,43.42,-4.75,29.09,2.15
kenitra,20.0,MA,1547269200.0,87.0,34.26,-6.57,42.8,3.36
tual,44.0,ID,1547270901.0,100.0,-5.67,132.75,82.28,12.44
talcahuano,0.0,CL,1547269200.0,87.0,-36.72,-73.12,51.8,2.24
uvalde,90.0,US,1547269080.0,99.0,29.21,-99.79,60.08,6.06
le port,56.0,FR,1547270902.0,100.0,42.87,1.37,19.82,1.92
atbasar,68.0,KZ,1547270903.0,80.0,51.81,68.36,-4.84,7.07
nelson bay,0.0,AU,1547269200.0,43.0,-32.72,152.14,91.4,11.41
sotnikovskoye,32.0,RU,1547270903.0,79.0,45.0,43.79,16.94,3.15
dabat,0.0,ET,1547270903.0,18.0,12.98,37.77,64.28,3.71
cherskiy,48.0,RU,1547270904.0,45.0,68.75,161.3,-14.74,2.26
sisimiut,0.0,GL,1547270904.0,100.0,66.94,-53.67,-24.64,1.7
kamensk-uralskiy,20.0,RU,1547270904.0,66.0,56.42,61.93,-0.52,9.19
dragor,20.0,BG,1547269200.0,85.0,42.23,24.3,32.0,4.7
san carlos de bariloche,40.0,AR,1547269200.0,87.0,-41.13,-71.31,50.0,10.29
marzuq,0.0,YE,1547270819.0,41.0,14.4,46.47,60.59,2.59
cavalcante,88.0,BR,1547270905.0,86.0,-13.79,-47.46,68.96,2.71
ballina,88.0,IE,1547270706.0,95.0,54.11,-9.15,46.28,16.46
mana,8.0,RS,1547269200.0,84.0,43.52,20.24,10.4,2.15
loding,75.0,DE,1547268600.0,92.0,48.05,12.68,28.4,5.82
kiunga,92.0,PG,1547270907.0,85.0,-6.12,141.3,79.76,2.82
vestmannaeyjar,12.0,IS,1547270908.0,97.0,63.44,-20.27,40.16,16.24
esperance,20.0,TT,1547269200.0,88.0,10.24,-61.45,75.2,6.62
ryotsu,75.0,JP,1547269200.0,48.0,38.08,138.43,44.6,3.36
hami,36.0,CN,1547270751.0,78.0,42.84,93.51,17.66,4.61
wamba,8.0,CD,1547270909.0,79.0,2.14,27.99,74.63,3.6
saint-michel-des-saints,36.0,CA,1547270728.0,54.0,46.68,-73.92,-0.88,8.86
yeppoon,0.0,AU,1547269200.0,45.0,-23.13,150.74,86.0,11.41
las vegas,1.0,US,1547269080.0,46.0,36.17,-115.15,53.06,6.93
new iberia,40.0,US,1547269800.0,91.0,30.0,-91.82,53.06,8.05
esterhazy,48.0,CA,1547270912.0,67.0,50.65,-102.08,1.46,4.72
paramonga,8.0,PE,1547270912.0,100.0,-10.68,-77.82,71.3,13.33
qinzhou,92.0,CN,1547270912.0,100.0,21.96,108.62,59.6,4.27
vanimo,0.0,PG,1547270818.0,100.0,-2.67,141.3,82.91,18.7
natal,40.0,BR,1547269200.0,74.0,-5.81,-35.21,78.8,6.93
guozhen,92.0,CN,1547270913.0,97.0,29.3,113.14,45.11,5.73
galle,90.0,US,1547269920.0,96.0,29.74,-97.91,59.0,3.36
creston,75.0,US,1547270100.0,100.0,41.06,-94.36,32.0,10.29
oktyabrskiy,92.0,RU,1547269200.0,92.0,55.61,37.97,14.0,6.71
conde,56.0,BR,1547270915.0,100.0,-11.81,-37.61,75.08,4.27
taunggyi,8.0,MM,1547270915.0,55.0,20.78,97.03,72.65,3.38
kyaikkami,24.0,MM,1547270915.0,67.0,16.08,97.57,88.04,3.49
makarov,0.0,RU,1547270916.0,76.0,48.62,142.78,19.46,10.2
lata,76.0,IN,1547270916.0,81.0,30.78,78.62,40.43,1.7
koshki,92.0,RU,1547270916.0,86.0,54.2,50.47,14.96,10.09
shimoda,75.0,JP,1547269200.0,75.0,34.7,138.93,50.0,16.11
labuhan,8.0,ID,1547270835.0,100.0,-2.54,115.51,81.11,2.71
adrar,0.0,DZ,1547269200.0,51.0,27.87,-0.29,37.4,6.93
rawson,80.0,AR,1547270918.0,34.0,-43.3,-65.11,70.31,16.69
dawlatabad,32.0,AF,1547270918.0,90.0,36.41,64.91,38.36,6.4
nysa,92.0,PL,1547270919.0,93.0,50.47,17.33,33.32,12.77
ballitoville,0.0,ZA,1547269200.0,69.0,-29.54,31.21,77.0,21.92
qasigiannguit,0.0,GL,1547268600.0,47.0,68.82,-51.19,-9.41,2.24
cabo rojo,40.0,PR,1547268600.0,82.0,18.09,-67.15,66.2,5.5
lagoa,0.0,PT,1547267400.0,39.0,37.14,-8.45,46.4,5.82
bathsheba,20.0,BB,1547269200.0,78.0,13.22,-59.52,77.0,14.99
craig,90.0,US,1547268960.0,91.0,40.52,-107.55,28.04,2.15
luza,88.0,RU,1547270921.0,78.0,60.63,47.26,16.85,15.68
bastia,0.0,IT,1547268600.0,35.0,44.6,8.98,39.2,6.93
dongobesh,8.0,TZ,1547270922.0,60.0,-4.07,35.37,68.06,5.28
dubti,0.0,ET,1547270922.0,35.0,11.74,41.09,71.21,6.96
pulaski,90.0,US,1547270100.0,50.0,37.05,-80.78,36.32,3.36
galveston,1.0,US,1547270100.0,86.0,40.58,-86.19,30.02,6.93
flin flon,44.0,CA,1547270923.0,84.0,54.77,-101.88,2.81,7.18
grosuplje,75.0,SI,1547267400.0,92.0,45.96,14.66,26.6,2.24
fershampenuaz,68.0,RU,1547270924.0,65.0,53.52,59.82,2.45,10.87
puerto escondido,20.0,MX,1547268300.0,69.0,15.86,-97.07,78.8,5.82
sao filipe,0.0,CV,1547270724.0,100.0,14.9,-24.5,71.12,10.42
basco,90.0,US,1547268900.0,100.0,40.33,-91.2,28.94,9.17
santa engracia,0.0,ES,1547269200.0,75.0,41.94,-1.32,41.0,21.92
grootfontein,0.0,NA,1547269200.0,55.0,-19.56,18.1,66.2,8.75
areka,0.0,ET,1547270925.0,28.0,7.07,37.71,62.03,6.96
kargil,76.0,PK,1547270926.0,79.0,34.56,76.13,1.55,1.25
albanel,64.0,CA,1547270926.0,53.0,48.88,-72.44,-0.16,10.09
balsas,56.0,BR,1547270927.0,94.0,-7.53,-46.04,66.53,3.15
aberystwyth,92.0,GB,1547270927.0,96.0,52.41,-4.08,47.0,17.36
sarakhs,0.0,TM,1547269200.0,100.0,36.54,61.16,39.2,16.11
rio grande,100.0,BR,1547270928.0,93.0,-32.03,-52.1,73.1,11.99
magan,32.0,RU,1547269200.0,65.0,62.1,129.53,-34.61,2.59
sept-iles,90.0,CA,1547269200.0,78.0,50.2,-66.38,15.8,6.93
cabedelo,0.0,BR,1547269200.0,83.0,-6.97,-34.84,77.0,8.05
bulgan,12.0,MN,1547270929.0,53.0,48.81,103.53,10.1,4.16
juneau,90.0,US,1547268960.0,95.0,58.3,-134.42,32.0,3.36
wanlaweyn,12.0,SO,1547270930.0,64.0,2.62,44.89,79.76,13.22
saint anthony,90.0,US,1547268960.0,78.0,43.97,-111.68,28.94,5.82
mazagao,90.0,BR,1547269200.0,100.0,-0.12,-51.29,75.2,3.36
yining,56.0,CN,1547270931.0,81.0,29.04,114.56,48.08,2.37
nakamura,75.0,JP,1547269200.0,52.0,35.17,136.87,46.4,11.41
meppen,76.0,DE,1547268900.0,93.0,52.69,7.29,42.8,5.82
pictou,56.0,CA,1547270932.0,65.0,45.68,-62.71,17.03,8.08
xihua,48.0,CN,1547270932.0,67.0,33.79,114.53,49.88,5.17
tiznit,0.0,MA,1547270933.0,88.0,29.7,-9.73,46.73,5.17
jiaocheng,0.0,CN,1547270933.0,72.0,24.68,116.14,67.97,2.93
kadoma,88.0,ZW,1547270933.0,97.0,-18.34,29.91,70.31,4.61
pidhorodne,90.0,UA,1547269200.0,85.0,48.57,35.1,17.6,4.47
souillac,90.0,FR,1547269200.0,93.0,45.6,-0.6,41.0,1.7
launceston,8.0,AU,1547269200.0,16.0,-41.43,147.14,78.8,11.41
llaillay,0.0,CL,1547269200.0,93.0,-32.84,-70.95,60.8,1.03
petropavlovsk-kamchatskiy,40.0,RU,1547269200.0,55.0,53.05,158.65,33.8,22.37
bowen,8.0,AU,1547269200.0,66.0,-20.01,148.25,84.2,18.34
warrnambool,0.0,AU,1547270937.0,77.0,-38.38,142.48,65.54,14.0
chiredzi,32.0,ZW,1547270937.0,71.0,-21.05,31.67,83.81,5.17
lhokseumawe,20.0,ID,1547270937.0,91.0,5.18,97.15,84.71,7.96
bilibino,12.0,RU,1547270938.0,32.0,68.06,166.44,-22.75,2.15
buala,64.0,SB,1547270938.0,96.0,-8.15,159.59,82.28,5.39
yabrud,0.0,SY,1547269200.0,86.0,33.97,36.66,30.2,6.93
kununurra,0.0,AU,1547269200.0,42.0,-15.77,128.74,102.2,5.82
byron bay,0.0,AU,1547269200.0,69.0,-28.65,153.62,91.4,14.99
san quintin,8.0,PH,1547270940.0,56.0,17.54,120.52,82.46,4.16
aitape,48.0,PG,1547270940.0,95.0,-3.15,142.36,82.01,10.42
santa cruz de tenerife,0.0,ES,1547269200.0,87.0,28.47,-16.25,59.0,6.93
taitung,75.0,TW,1547269200.0,69.0,22.76,121.15,80.6,8.05
kamenka,88.0,RU,1547270941.0,79.0,53.19,44.05,10.19,3.15
tocopilla,0.0,CL,1547270942.0,100.0,-22.09,-70.2,58.07,1.14
meulaboh,36.0,ID,1547270942.0,100.0,4.14,96.13,83.99,4.83
yar-sale,76.0,RU,1547270943.0,86.0,66.83,70.83,-9.61,20.04
kanigiri,8.0,IN,1547270943.0,64.0,15.41,79.51,82.28,5.95
knysna,75.0,ZA,1547269200.0,67.0,-34.04,23.05,60.8,8.05
niamey,8.0,NE,1547269200.0,20.0,13.52,2.11,66.2,4.7
manoel urbano,56.0,BR,1547270944.0,95.0,-8.84,-69.26,73.91,1.14
nhulunbuy,90.0,AU,1547269680.0,79.0,-12.18,136.78,84.2,10.29
kloulklubed,75.0,PW,1547268600.0,70.0,7.04,134.26,86.0,11.41
sobolevo,76.0,RU,1547270945.0,88.0,54.43,31.9,12.71,10.2
rio gallegos,40.0,AR,1547269200.0,45.0,-51.62,-69.22,46.4,23.04
orikhove,64.0,UA,1547270946.0,94.0,48.1,38.11,28.19,15.23
mucurapo,20.0,TT,1547269200.0,88.0,10.67,-61.53,75.2,13.0
tilichiki,0.0,RU,1547270802.0,67.0,60.47,166.1,-1.06,5.39
wukari,8.0,NG,1547270947.0,54.0,7.87,9.78,66.26,7.74
zhigansk,44.0,RU,1547270947.0,32.0,66.77,123.37,-21.94,8.3
maraa,8.0,BR,1547270948.0,92.0,-1.83,-65.37,73.73,5.95
ashcroft,0.0,AU,1547269200.0,52.0,-33.91,150.9,95.0,16.11
gravatai,40.0,BR,1547269200.0,83.0,-29.94,-50.99,73.4,8.05
san cristobal,75.0,EC,1547269200.0,100.0,-0.39,-78.55,55.4,2.24
belyy yar,20.0,RU,1547269200.0,84.0,53.6,91.39,3.2,4.38
tessalit,88.0,ML,1547270949.0,20.0,20.2,1.01,45.29,12.21
van buren,90.0,US,1547268960.0,68.0,47.16,-67.94,3.92,3.36
ancud,90.0,CL,1547269200.0,100.0,-41.87,-73.83,53.6,2.24
victoria point,20.0,AU,1547269200.0,42.0,-27.58,153.3,89.6,11.41
moses lake,1.0,US,1547268780.0,88.0,47.13,-119.28,35.96,8.05
aksu,40.0,KZ,1547269200.0,83.0,52.04,76.93,-9.41,4.47
mokhsogollokh,64.0,RU,1547270952.0,44.0,61.4,128.95,-14.92,1.14
bilma,20.0,NE,1547270952.0,51.0,18.69,12.92,45.38,2.82
la ronge,20.0,CA,1547269200.0,77.0,55.1,-105.3,1.4,10.29
teya,5.0,MX,1547268420.0,72.0,21.05,-89.07,68.0,8.05
coihaique,20.0,CL,1547269200.0,54.0,-45.58,-72.07,53.6,11.41
plouzane,90.0,FR,1547269200.0,87.0,48.38,-4.62,46.4,4.7
baie-comeau,75.0,CA,1547269200.0,59.0,49.22,-68.15,6.8,13.87
inongo,32.0,CD,1547270954.0,99.0,-1.93,18.29,71.84,4.5
cape coast,36.0,GH,1547270954.0,93.0,5.11,-1.24,72.65,3.04
venado tuerto,0.0,AR,1547270955.0,78.0,-33.75,-61.97,58.79,7.74
izazi,75.0,TZ,1547265600.0,88.0,-7.24,35.72,68.0,2.82
lichuan,92.0,CN,1547270955.0,81.0,30.3,108.94,41.06,0.58
magdalena,88.0,BO,1547270956.0,96.0,-13.26,-64.05,72.11,2.48
russell,0.0,AR,1547269200.0,56.0,-33.01,-68.8,69.8,9.17
erenhot,0.0,CN,1547270957.0,41.0,43.65,111.97,21.26,14.34
morant bay,20.0,JM,1547269200.0,69.0,17.88,-76.41,75.2,2.24
leh,64.0,IN,1547270957.0,82.0,34.16,77.58,0.02,1.36
alta gracia,40.0,AR,1547269200.0,93.0,-31.66,-64.43,64.4,3.36
ramhormoz,12.0,IR,1547269200.0,93.0,31.28,49.6,41.0,2.24
padang,75.0,ID,1547269200.0,78.0,-0.92,100.36,80.6,6.93
vila franca do campo,40.0,PT,1547267400.0,87.0,37.72,-25.43,59.0,14.99
college,20.0,US,1547269260.0,66.0,64.86,-147.8,-38.03,3.04
dodge city,90.0,US,1547269740.0,92.0,37.75,-100.02,30.92,19.46
coos bay,20.0,US,1547268960.0,83.0,43.37,-124.22,48.92,5.82
bonavista,0.0,CA,1547270960.0,98.0,48.65,-53.11,30.26,18.7
sao gabriel da cachoeira,20.0,BR,1547270960.0,89.0,-0.13,-67.09,75.44,2.15
diego de almagro,24.0,CL,1547270961.0,99.0,-26.39,-70.05,51.86,2.59
walvis bay,20.0,NA,1547269200.0,87.0,-22.95,14.51,60.8,2.24
kuala terengganu,75.0,MY,1547269200.0,83.0,5.33,103.14,82.4,1.12
ha tinh,92.0,VN,1547270962.0,100.0,18.33,105.9,71.75,2.71
comarapa,88.0,BO,1547270963.0,100.0,-17.91,-64.53,55.73,2.59
worland,90.0,US,1547268900.0,95.0,44.02,-107.96,30.02,4.94
erbach,75.0,DE,1547268600.0,92.0,48.33,9.89,35.6,11.41
tagusao,24.0,PH,1547270964.0,73.0,9.19,117.81,85.43,11.43
okhotsk,20.0,RU,1547270964.0,100.0,59.36,143.24,-6.28,9.19
belica,75.0,SI,1547268600.0,92.0,46.07,14.35,24.8,2.24
sindor,76.0,RU,1547270965.0,75.0,62.87,51.9,16.49,14.67
kamaishi,75.0,JP,1547269200.0,51.0,39.28,141.86,39.2,5.82
bonthe,0.0,SL,1547270965.0,89.0,7.53,-12.5,78.05,4.5
salisbury,64.0,GB,1547268960.0,87.0,51.07,-1.8,48.2,8.05
ghanzi,0.0,BW,1547270966.0,22.0,-21.7,21.65,73.01,14.56
tygda,44.0,RU,1547270967.0,65.0,53.11,126.33,-4.21,3.71
ekhabi,0.0,RU,1547270967.0,85.0,53.51,142.97,7.4,16.13
dudinka,36.0,RU,1547270967.0,0.0,69.41,86.18,-33.01,10.31
guider,0.0,CM,1547270968.0,51.0,9.93,13.94,60.14,5.06
shashi,80.0,CN,1547270968.0,97.0,27.02,114.08,46.01,3.6
palaiokomi,75.0,GR,1547270400.0,100.0,40.87,23.9,39.2,3.6
kapit,32.0,MY,1547270969.0,76.0,2.02,112.94,84.89,1.92
xiaoshi,0.0,CN,1547270969.0,79.0,30.59,116.63,47.0,3.83
tecoanapa,20.0,MX,1547268120.0,78.0,16.99,-99.26,78.8,2.24
cagmanaba,68.0,PH,1547270970.0,100.0,13.06,123.3,79.58,14.0
murdochville,80.0,CA,1547270970.0,72.0,48.96,-65.49,17.39,18.25
bara,8.0,NG,1547270971.0,45.0,10.41,10.6,60.23,7.74
haizhou,0.0,CN,1547270971.0,94.0,34.58,119.13,42.68,5.95
kenora,90.0,CA,1547269200.0,85.0,49.76,-94.48,17.6,10.29
the valley,20.0,AI,1547269200.0,88.0,18.22,-63.06,73.4,2.24
santa marinella,0.0,IT,1547268600.0,59.0,42.04,11.87,35.6,2.24
pilar,0.0,AR,1547269200.0,68.0,-34.46,-58.91,71.6,13.87
hanna,0.0,CA,1547270973.0,75.0,51.64,-111.93,11.72,5.73
aripuana,56.0,BR,1547270973.0,91.0,-9.17,-60.63,74.72,2.37
colac,0.0,AU,1547270765.0,41.0,-38.34,143.59,76.61,5.28
abu kamal,12.0,SY,1547270974.0,85.0,34.45,40.92,35.84,5.06
conceicao do araguaia,76.0,BR,1547270974.0,100.0,-8.26,-49.26,68.6,11.65
port lincoln,0.0,AU,1547270974.0,74.0,-34.72,135.86,70.94,15.79
sol-iletsk,92.0,RU,1547270975.0,87.0,51.16,55.0,17.66,17.47
vitim,0.0,RU,1547270975.0,50.0,59.44,112.57,-3.58,5.61
singapore,75.0,MY,1547269200.0,55.0,1.29,103.85,89.6,10.29
ulaanbaatar,0.0,MN,1547269200.0,55.0,47.92,106.92,10.4,8.95
longyearbyen,20.0,NO,1547268600.0,55.0,78.22,15.63,8.6,20.8
divinopolis,68.0,BR,1547270976.0,72.0,-20.14,-44.88,70.76,3.6
necochea,0.0,AR,1547270976.0,74.0,-38.55,-58.74,57.89,11.1
perafita,0.0,PT,1547267400.0,70.0,41.22,-8.7,42.8,6.93
kibala,0.0,TD,1547269200.0,55.0,9.11,18.35,66.2,4.38
ribeira brava,40.0,PT,1547267400.0,63.0,32.65,-17.07,62.6,11.41
basoko,20.0,CD,1547270978.0,93.0,1.23,23.61,72.11,4.61
antalya,75.0,TR,1547268600.0,93.0,36.9,30.69,48.2,6.93
quatre cocos,75.0,MU,1547269200.0,79.0,-20.21,57.76,84.2,12.75
velizh,88.0,RU,1547270979.0,86.0,55.61,31.2,17.21,11.1
